journal,journal_id,title,url,doi,published,updated,item_type,source,issue,stage
Socio-Economic Review,j007,The role of collective ownership beliefs in shaping welfare chauvinism: experimental evidence from Türkiye’s dual welfare funding landscape,https://academic.oup.com/ser/advance-article/doi/10.1093/ser/mwag060/8865253?rss=1,10.1093/ser/mwag060,2026-10-05T00:00:00+00:00,2026-10-05T00:00:00+00:00,,publisher:advance,,
Modern Asian Studies,j019,Introduction: Provincializing brahmans in the study of premodern caste,https://dx.doi.org/10.1017/S0026749X26101942?rft_dat=source%3Ddrss,10.1017/s0026749x26101942,,2026-10-06T00:00:00,,publisher:issue,,
Modern Asian Studies,j019,Before the rājanyà became the kṣatríya,https://dx.doi.org/10.1017/S0026749X25101388?rft_dat=source%3Ddrss,10.1017/s0026749x25101388,,2026-10-06T00:00:00,,publisher:issue,,
Modern Asian Studies,j019,The origin of brahmans in Prakrit Jaina literature,https://dx.doi.org/10.1017/S0026749X25101649?rft_dat=source%3Ddrss,10.1017/s0026749x25101649,,2026-10-06T00:00:00,,publisher:issue,,
Modern Asian Studies,j019,"Handmade literacy: Technology, caste, and craft in pre-colonial South Asia",https://dx.doi.org/10.1017/S0026749X25101789?rft_dat=source%3Ddrss,10.1017/s0026749x25101789,,2026-10-06T00:00:00,,publisher:issue,,
Modern Asian Studies,j019,"A story of other Sanskrits: Vīraśaivism, caste, and liberation philology",https://dx.doi.org/10.1017/S0026749X25101327?rft_dat=source%3Ddrss,10.1017/s0026749x25101327,,2026-10-06T00:00:00,,publisher:issue,,
Modern Asian Studies,j019,"Afterword, Provincializing brahmans",https://dx.doi.org/10.1017/S0026749X26102200?rft_dat=source%3Ddrss,10.1017/s0026749x26102200,,2026-10-06T00:00:00,,publisher:issue,,
European Review of Economic History,j054,"Trajectories of Inequality: Regional Patterns in Land Use Inequality in Rural Flanders, ca. 1550–ca. 1800",https://academic.oup.com/ereh/advance-article/doi/10.1093/ereh/heag028/8866017?rss=1,10.1093/ereh/heag028,2026-10-05T00:00:00+00:00,2026-10-05T00:00:00+00:00,,publisher:advance,,
Journal of Hindu Studies,j063,Baidehisha Bilasa: The Amorous Plays of Sita’s Husband. By Upendra Bhanja,https://academic.oup.com/jhs/advance-article/doi/10.1093/jhs/hiag022/8864960?rss=1,10.1093/jhs/hiag022,2026-10-05T00:00:00+00:00,2026-10-05T00:00:00+00:00,,publisher:advance,,
The Journal of Imperial and Commonwealth History,j064,"Information and Empire in Central Asia: Anglo-Russian Rivalry and the Making of an Imperial Information Order, 1834–1908",https://doi.org/10.1080/03086534.2026.2735995,10.1080/03086534.2026.2735995,2026-10-05T00:00:00,2026-10-05T00:00:00,journal-article,crossref:online_first,,online_first
Labor History,j075,Crafting beauty: a semiotic analysis of rural women’s labor in China’s wearable nail industry,https://doi.org/10.1080/0023656x.2026.2744270,10.1080/0023656x.2026.2744270,2026-10-06T00:00:00,2026-10-06T00:00:00,journal-article,crossref:online_first,,online_first
South Asia: Journal of South Asian Studies,j079,"Beneath Khangchendzonga’s Shadow: Division, Belonging and Multiplicity in Lepcha Healing Traditions",https://doi.org/10.1080/00856401.2026.2724767,10.1080/00856401.2026.2724767,2026-10-05T00:00:00,2026-10-05T00:00:00,journal-article,crossref:online_first,,online_first
South Asia: Journal of South Asian Studies,j079,A New Legal Order for India’s New Woman: Interrogating the Spectacle of Emancipation in Contemporary Courtroom Dramas of Consent,https://doi.org/10.1080/00856401.2026.2723712,10.1080/00856401.2026.2723712,2026-10-05T00:00:00,2026-10-05T00:00:00,journal-article,crossref:online_first,,online_first
